	url	parent
Frukt	/kategorier/20-frukt-og-gront/21-frukt/	Frukt og grønt
Bær	/kategorier/20-frukt-og-gront/423-baer/	Frukt og grønt
Ferdig kuttede salater	/kategorier/20-frukt-og-gront/422-ferdig-kuttede-salater/	Frukt og grønt
Salater og kål	/kategorier/20-frukt-og-gront/391-salater-og-kal/	Frukt og grønt
Ferdigkuttet frukt og grønt	/kategorier/20-frukt-og-gront/325-ferdigkuttet-frukt-og-gront/	Frukt og grønt
Grønnsaker	/kategorier/20-frukt-og-gront/22-gronnsaker/	Frukt og grønt
Økologisk frukt og grønt	/kategorier/20-frukt-og-gront/443-okologisk-frukt-og-gront/	Frukt og grønt
Poteter	/kategorier/20-frukt-og-gront/347-poteter/	Frukt og grønt
Urter og spirer	/kategorier/20-frukt-og-gront/23-urter-og-spirer/	Frukt og grønt
Frø nøtter og tørket frukt	/kategorier/20-frukt-og-gront/24-fro-notter-og-torket-frukt/	Frukt og grønt
Hermetisert frukt og grønt	/kategorier/20-frukt-og-gront/9-hermetisert-frukt-og-gront/	Frukt og grønt
Frossen frukt og grønt	/kategorier/20-frukt-og-gront/57-frossen-frukt-og-gront/	Frukt og grønt
Kjøttdisken	/kategorier/488-mathall/489-kjottdisken/	Spesialvarer fra vår egen Mathall
Fiskedisken	/kategorier/488-mathall/498-fiskedisken/	Spesialvarer fra vår egen Mathall
Brød og bakevarer	/kategorier/488-mathall/492-brod-og-bakevarer/	Spesialvarer fra vår egen Mathall
Ostedisken	/kategorier/488-mathall/499-ostedisken/	Spesialvarer fra vår egen Mathall
Meieri og egg	/kategorier/488-mathall/490-meieri-og-egg/	Spesialvarer fra vår egen Mathall
Drikke	/kategorier/488-mathall/491-drikke/	Spesialvarer fra vår egen Mathall
Pålegg og spekemat	/kategorier/488-mathall/495-palegg-og-spekemat/	Spesialvarer fra vår egen Mathall
Middagstilbehør pasta pizza og saus	/kategorier/488-mathall/493-middagstilbehor-pasta-pizza-og-saus/	Spesialvarer fra vår egen Mathall
Mel og gryn	/kategorier/488-mathall/494-mel-og-gryn/	Spesialvarer fra vår egen Mathall
Iskrem søtsaker og snacks	/kategorier/488-mathall/497-iskrem-sotsaker-og-snacks/	Spesialvarer fra vår egen Mathall
Barneutstyr	/kategorier/462-clas-ohlson/463-barneutstyr/	Clas Ohlson butikken
Batteri	/kategorier/462-clas-ohlson/464-batteri/	Clas Ohlson butikken
Dyr Fritid	/kategorier/462-clas-ohlson/465-dyr-fritid/	Clas Ohlson butikken
Forbruksvarer	/kategorier/462-clas-ohlson/467-forbruksvarer/	Clas Ohlson butikken
Hus Hjem	/kategorier/462-clas-ohlson/466-hus-hjem/	Clas Ohlson butikken
Jul fra Clas Ohlson	/kategorier/462-clas-ohlson/479-jul-fra-clas-ohlson/	Clas Ohlson butikken
Kjøkken	/kategorier/462-clas-ohlson/468-kjokken/	Clas Ohlson butikken
Kjøkkenmaskiner	/kategorier/462-clas-ohlson/469-kjokkenmaskiner/	Clas Ohlson butikken
Kontorartikler	/kategorier/462-clas-ohlson/470-kontorartikler/	Clas Ohlson butikken
Leker	/kategorier/462-clas-ohlson/476-leker/	Clas Ohlson butikken
Lyspærer og belysning	/kategorier/462-clas-ohlson/477-lyspaerer-og-belysning/	Clas Ohlson butikken
Elektronikk	/kategorier/462-clas-ohlson/471-elektronikk/	Clas Ohlson butikken
Personlig pleie	/kategorier/462-clas-ohlson/472-personlig-pleie/	Clas Ohlson butikken
Rengjøring	/kategorier/462-clas-ohlson/473-rengjoring/	Clas Ohlson butikken
Verktøy	/kategorier/462-clas-ohlson/474-verktoy/	Clas Ohlson butikken
Pizza	/kategorier/504-iceland/505-pizza/	Iceland Ny
Ferdigretter	/kategorier/504-iceland/507-ferdigretter/	Iceland Ny
Middag og tilbehør	/kategorier/504-iceland/508-middag-og-tilbehor/	Iceland Ny
Kaker dessert og iskrem	/kategorier/504-iceland/506-kaker-dessert-og-iskrem/	Iceland Ny
Roser	/kategorier/401-blomster-og-planter/336-roser/	Blomster og planter
Snittblomster	/kategorier/401-blomster-og-planter/402-snittblomster/	Blomster og planter
Grønne planter	/kategorier/401-blomster-og-planter/403-gronne-planter/	Blomster og planter
Godt for inneklimaNy	/kategorier/401-blomster-og-planter/428-godt-inneklima/	Blomster og planter
Potter og Vaser	/kategorier/401-blomster-og-planter/404-potter-og-vaser/	Blomster og planter
Ferske brød	/kategorier/1-brod-og-frokostblandinger/2-ferske-brod/	Brød og frokostblandinger
Fersk småbakst	/kategorier/1-brod-og-frokostblandinger/456-fersk-smabakst/	Brød og frokostblandinger
Langtidsholdbare brød	/kategorier/1-brod-og-frokostblandinger/393-langtidsholdbare-brod/	Brød og frokostblandinger
Frosne brød og rundstykker	/kategorier/1-brod-og-frokostblandinger/99-frosne-brod-og-rundstykker/	Brød og frokostblandinger
Knekkebrød	/kategorier/1-brod-og-frokostblandinger/4-knekkebrod/	Brød og frokostblandinger
Pølse og hamburgerbrød lomper	/kategorier/1-brod-og-frokostblandinger/6-polse-og-hamburgerbrod-lomper/	Brød og frokostblandinger
Frokostblandinger og gryn	/kategorier/1-brod-og-frokostblandinger/13-frokostblandinger/	Brød og frokostblandinger
Deiger og bunner	/kategorier/1-brod-og-frokostblandinger/116-deiger-og-bunner/	Brød og frokostblandinger
Påsmurt	/kategorier/1-brod-og-frokostblandinger/256-pasmurt/	Brød og frokostblandinger
Melk	/kategorier/48-melk-meieriprodukter-og-egg/49-melk/	Melk meieriprodukter og egg
Plantebasert drikke	/kategorier/48-melk-meieriprodukter-og-egg/487-plantebasert-drikke/	Melk meieriprodukter og egg
Smør og margarin	/kategorier/48-melk-meieriprodukter-og-egg/53-smor-og-margarin/	Melk meieriprodukter og egg
Egg	/kategorier/48-melk-meieriprodukter-og-egg/50-egg/	Melk meieriprodukter og egg
Fløte og rømmeprodukter	/kategorier/48-melk-meieriprodukter-og-egg/52-flote-og-rommeprodukter/	Melk meieriprodukter og egg
Yoghurt	/kategorier/48-melk-meieriprodukter-og-egg/51-yoghurt/	Melk meieriprodukter og egg
Storfe	/kategorier/26-kjott-og-kylling/388-storfe/	Kjøtt og kylling
Svin	/kategorier/26-kjott-og-kylling/389-svin/	Kjøtt og kylling
Kylling kalkun og and	/kategorier/26-kjott-og-kylling/28-kylling-kalkun-and/	Kjøtt og kylling
Lam og vilt	/kategorier/26-kjott-og-kylling/390-lam-og-vilt/	Kjøtt og kylling
Bacon og tilbehør	/kategorier/26-kjott-og-kylling/204-bacon-og-tilbehor/	Kjøtt og kylling
Kjøttdeig og karbonadedeig	/kategorier/26-kjott-og-kylling/304-kjottdeig-og-karbonadedeig/	Kjøtt og kylling
Hamburgere	/kategorier/26-kjott-og-kylling/307-hamburgere/	Kjøtt og kylling
Kjøttboller og karbonader	/kategorier/26-kjott-og-kylling/310-kjottboller-og-karbonader/	Kjøtt og kylling
Pølser	/kategorier/26-kjott-og-kylling/29-polser/	Kjøtt og kylling
Fersk fisk	/kategorier/283-fisk-og-sjomat/286-fersk-fisk/	Fisk og sjømat
Skalldyr	/kategorier/283-fisk-og-sjomat/289-skalldyr/	Fisk og sjømat
Røkt og gravet fisk	/kategorier/283-fisk-og-sjomat/301-rokt-fisk/	Fisk og sjømat
Fiskekaker	/kategorier/283-fisk-og-sjomat/292-fiskekaker/	Fisk og sjømat
Hermetisert sjømat	/kategorier/283-fisk-og-sjomat/295-hermetisert-sjomat/	Fisk og sjømat
Frossen fisk og sjømat	/kategorier/283-fisk-og-sjomat/298-frossen-fisk-og-sjomat/	Fisk og sjømat
Gulost	/kategorier/142-oster/43-gulost/	Oster
Revet ost	/kategorier/142-oster/421-revet-ost/	Oster
Brunost	/kategorier/142-oster/151-brunost/	Oster
Smøreost og prim	/kategorier/142-oster/145-smoreost-og-prim/	Oster
Spesialoster	/kategorier/142-oster/148-spesialoster/	Oster
Smoothies og yoghurt	/kategorier/241-serveringsklare-retter/244-smoothies-og-yoghurt/	Serveringsklare retter
Ferdig påsmurt	/kategorier/241-serveringsklare-retter/247-ferdig-pasmurt/	Serveringsklare retter
Kjøtt og kyllingpålegg	/kategorier/42-palegg/45-kjott-og-kyllingpalegg/	Pålegg
Spekemat og salami	/kategorier/42-palegg/235-spekemat-og-salami/	Pålegg
Leverpostei	/kategorier/42-palegg/122-leverpostei/	Pålegg
Salatpålegg	/kategorier/42-palegg/47-salatpalegg/	Pålegg
Fiskepålegg	/kategorier/42-palegg/97-fiskepalegg/	Pålegg
Syltetøy	/kategorier/42-palegg/46-syltetoy/	Pålegg
Honning og søtpålegg	/kategorier/42-palegg/392-honning-og-sotpalegg/	Pålegg
Majones og tubepålegg	/kategorier/42-palegg/44-majones-og-tubepalegg/	Pålegg
Ferdige middagsretterNy	/kategorier/32-middager-og-tilbehor/33-ferdige-middagsretter/	Middager og tilbehør
Supper	/kategorier/32-middager-og-tilbehor/119-supper/	Middager og tilbehør
Posesauser	/kategorier/32-middager-og-tilbehor/125-posesauser/	Middager og tilbehør
Ferdigsauser	/kategorier/32-middager-og-tilbehor/8-ferdigsauser/	Middager og tilbehør
Middags kit og gryteretter	/kategorier/32-middager-og-tilbehor/92-middags-kit-og-gryteretter/	Middager og tilbehør
Ris og gryn	/kategorier/32-middager-og-tilbehor/11-ris-og-pasta/	Middager og tilbehør
Pasta og nudler	/kategorier/32-middager-og-tilbehor/313-pasta-og-nudler/	Middager og tilbehør
Middagstilbehør	/kategorier/32-middager-og-tilbehor/96-middagstilbehor/	Middager og tilbehør
Fryst pizza	/kategorier/424-pizza-og-taco/184-fryst-pizza/	Pizza og taco
Hjemmelaget pizza	/kategorier/424-pizza-og-taco/426-hjemmelaget-pizza/	Pizza og taco
Taco	/kategorier/424-pizza-og-taco/113-taco/	Pizza og taco
Snacking	/kategorier/424-pizza-og-taco/427-snacking/	Pizza og taco
Indisk	/kategorier/448-asiatisk/449-indisk/	Asiatisk
Wok	/kategorier/448-asiatisk/450-wok/	Asiatisk
Wokgrønnsaker	/kategorier/448-asiatisk/452-wokgronnsaker/	Asiatisk
Sushi	/kategorier/448-asiatisk/451-sushi/	Asiatisk
Naan og papadums	/kategorier/448-asiatisk/486-naan-og-papadums/	Asiatisk
Soyasaus og chilisaus	/kategorier/448-asiatisk/453-soyasaus-og-chilisaus/	Asiatisk
Ris og nudler	/kategorier/448-asiatisk/455-ris-og-nudler/	Asiatisk
Kokosmelk	/kategorier/448-asiatisk/454-kokosmelk/	Asiatisk
Vann og mineralvann	/kategorier/60-drikkevarer/63-mineralvann/	Drikkevarer
Brus	/kategorier/60-drikkevarer/61-brus/	Drikkevarer
Juice	/kategorier/60-drikkevarer/65-juice/	Drikkevarer
Smoothie	/kategorier/60-drikkevarer/359-smoothie/	Drikkevarer
Saft	/kategorier/60-drikkevarer/66-saft/	Drikkevarer
Iste	/kategorier/60-drikkevarer/405-iste/	Drikkevarer
Iskaffe	/kategorier/60-drikkevarer/458-iskaffe/	Drikkevarer
Energidrikk	/kategorier/60-drikkevarer/345-energidrikk/	Drikkevarer
Kaffe	/kategorier/457-varme-drikker/12-kaffe/	Varme drikker
Kaffekapsler	/kategorier/457-varme-drikker/459-kaffekapsler/	Varme drikker
Sort te	/kategorier/457-varme-drikker/187-sort-te/	Varme drikker
Grønn te	/kategorier/457-varme-drikker/460-gronn-te/	Varme drikker
Urte te og frukt te	/kategorier/457-varme-drikker/461-urte-te-og-frukt-te/	Varme drikker
Kakao og sjokoladepulver	/kategorier/457-varme-drikker/406-kakao-og-sjokoladepulver/	Varme drikker
Oljer og eddik	/kategorier/37-olje-og-krydder/38-oljer-og-eddik/	Olje og krydder
Dressing	/kategorier/37-olje-og-krydder/447-dressing/	Olje og krydder
Krydder	/kategorier/37-olje-og-krydder/39-krydder/	Olje og krydder
Ketchup og sennep	/kategorier/37-olje-og-krydder/40-ketchup-og-sennep/	Olje og krydder
Buljong og fond	/kategorier/37-olje-og-krydder/98-buljong-og-fond/	Olje og krydder
Mel og sukker	/kategorier/15-mel-og-bakeingredienser/16-mel-og-sukker/	Mel og bakeingredienser
Ferdigmikser	/kategorier/15-mel-og-bakeingredienser/19-ferdigmikser/	Mel og bakeingredienser
Baketilbehør	/kategorier/15-mel-og-bakeingredienser/18-baketilbehor/	Mel og bakeingredienser
Is i boks	/kategorier/408-og-desserter/56-i-boks/	Is og desserter
Porsjonsis	/kategorier/408-og-desserter/409-porsjonsis/	Is og desserter
Dessert	/kategorier/408-og-desserter/10-dessert/	Is og desserter
Kjeks	/kategorier/348-kaker-kjeks-og-desserter/110-kjeks/	Kaker kjeks og desserter
Småkaker	/kategorier/348-kaker-kjeks-og-desserter/349-smakaker/	Kaker kjeks og desserter
Boller og lefser	/kategorier/348-kaker-kjeks-og-desserter/350-boller-og-lefser/	Kaker kjeks og desserter
Potetchips og snacks	/kategorier/67-snacks-og-godteri/68-potetchips-og-snacks/	Snacks og godteri
Sjokolade	/kategorier/67-snacks-og-godteri/69-sjokolade/	Snacks og godteri
Godteri	/kategorier/67-snacks-og-godteri/70-godteri/	Snacks og godteri
Nøtter	/kategorier/67-snacks-og-godteri/71-notter/	Snacks og godteri
Tyggis og pastiller	/kategorier/67-snacks-og-godteri/100-tyggis-og-pastiller/	Snacks og godteri
Bleier	/kategorier/73-barneprodukter/74-bleier/	Barneprodukter
Grøt	/kategorier/73-barneprodukter/75-grot/	Barneprodukter
Middagsglass	/kategorier/73-barneprodukter/160-middagsglass/	Barneprodukter
Smoothie yoghurt og mellommåltid	/kategorier/73-barneprodukter/157-smoothie-yoghurt-mellommaltid/	Barneprodukter
Morsmelkerstatning	/kategorier/73-barneprodukter/137-morsmelkerstatning/	Barneprodukter
Våtservietter og såpe	/kategorier/73-barneprodukter/77-vatservietter-og-sape/	Barneprodukter
Smokker og tåteflasker	/kategorier/73-barneprodukter/78-smokker-og-tateflasker/	Barneprodukter
Bursdag	/kategorier/73-barneprodukter/277-bursdag/	Barneprodukter
Nyttig til barn	/kategorier/73-barneprodukter/475-nyttig-til-barn/	Barneprodukter
Leker og aktiviteter for barn	/kategorier/73-barneprodukter/335-leker-og-aktiviteter-barn/	Barneprodukter
Håndsåpe	/kategorier/79-shampo-sape-og-hudpleie/80-handsape/	Shampo såpe og hudpleie
Dusjsåpe	/kategorier/79-shampo-sape-og-hudpleie/485-dusjsape/	Shampo såpe og hudpleie
Shampo og hårprodukter	/kategorier/79-shampo-sape-og-hudpleie/107-shampo-og-harprodukter/	Shampo såpe og hudpleie
HårfargeNy	/kategorier/79-shampo-sape-og-hudpleie/433-harfarge/	Shampo såpe og hudpleie
Ansiktspleie	/kategorier/79-shampo-sape-og-hudpleie/154-ansiktspleie/	Shampo såpe og hudpleie
Hudpleie	/kategorier/79-shampo-sape-og-hudpleie/434-hudpleie/	Shampo såpe og hudpleie
Leppepomade	/kategorier/79-shampo-sape-og-hudpleie/430-leppepomade/	Shampo såpe og hudpleie
Barnesåpe og babyolje	/kategorier/79-shampo-sape-og-hudpleie/381-sape-og-krem-barn/	Shampo såpe og hudpleie
Solkrem og selvbruning	/kategorier/79-shampo-sape-og-hudpleie/380-solkrem-og-selvbruning/	Shampo såpe og hudpleie
Mascara	/kategorier/435-sminke-og-skjonnhet/436-mascara/	Sminke og skjønnhet
Øyenskygge liners og bryn	/kategorier/435-sminke-og-skjonnhet/437-oyenskygge-liners-og-bryn/	Sminke og skjønnhet
Leppestift liner og gloss	/kategorier/435-sminke-og-skjonnhet/438-leppestift-liner-og-gloss/	Sminke og skjønnhet
Foundation og pudder	/kategorier/435-sminke-og-skjonnhet/439-foundation-og-pudder/	Sminke og skjønnhet
Rens og bomull	/kategorier/435-sminke-og-skjonnhet/481-rens-og-bomull/	Sminke og skjønnhet
Tannpleie	/kategorier/373-hygieneartikler/374-tannpleie/	Hygieneartikler
Deodorant	/kategorier/373-hygieneartikler/375-deodorant/	Hygieneartikler
Bind og tamponger	/kategorier/373-hygieneartikler/376-bind-og-tamponger/	Hygieneartikler
Bomull og ansiktsrens	/kategorier/373-hygieneartikler/377-bomull-og-vatservietter/	Hygieneartikler
Barbering	/kategorier/373-hygieneartikler/378-barbering/	Hygieneartikler
Prevensjon	/kategorier/373-hygieneartikler/379-prevensjon/	Hygieneartikler
Legemidler	/kategorier/365-legemidler-og-helsekost/366-legemidler/	Legemidler og helsekost
Plaster	/kategorier/365-legemidler-og-helsekost/367-plaster/	Legemidler og helsekost
Helsekost	/kategorier/365-legemidler-og-helsekost/369-helsekost/	Legemidler og helsekost
Proteinbar og müslibar	/kategorier/365-legemidler-og-helsekost/370-proteinbar-og-muslibar/	Legemidler og helsekost
Nikotinprodukter	/kategorier/365-legemidler-og-helsekost/372-nikotinprodukter/	Legemidler og helsekost
Proteinpulver og styrke	/kategorier/394-trening/395-proteinpulver-og-styrke/	Trening
Sportsdrikke	/kategorier/394-trening/396-sportsdrikke/	Trening
Måltidserstatter og mellommåltid	/kategorier/394-trening/397-maltidserstatter-og-mellommaltid/	Trening
Proteinsnacks og vitamingodis	/kategorier/394-trening/398-proteinsnacks-og-vitamingodis/	Trening
Kosttilskudd	/kategorier/394-trening/399-kosttilskudd/	Trening
Vektkontroll	/kategorier/394-trening/400-vektkontroll/	Trening
Toalettpapir og tørkerull	/kategorier/163-torkepapir-og-vaskemidler/93-toalettpapir-og-torkerull/	Tørkepapir og vaskemidler
Klesvask	/kategorier/163-torkepapir-og-vaskemidler/86-klesvask/	Tørkepapir og vaskemidler
Oppvask	/kategorier/163-torkepapir-og-vaskemidler/166-oppvask/	Tørkepapir og vaskemidler
Vaskemidler	/kategorier/163-torkepapir-og-vaskemidler/87-vaskemidler/	Tørkepapir og vaskemidler
Kluter svamper og hansker	/kategorier/163-torkepapir-og-vaskemidler/169-kluter-svamper-og-hansker/	Tørkepapir og vaskemidler
Magasiner	/kategorier/331-magasiner-og-boker/334-magasiner/	Magasiner og bøker
Strømpebukser	/kategorier/444-undertoy-og-stromper/445-strompebukser/	Undertøy og strømper
Sokker	/kategorier/444-undertoy-og-stromper/446-sokker/	Undertøy og strømper
Undertøy	/kategorier/444-undertoy-og-stromper/139-undertoy/	Undertøy og strømper
Poser og folie	/kategorier/85-hus-og-hjem/88-poser-og-folie/	Hus og hjem
Levende lys	/kategorier/85-hus-og-hjem/441-levende-lys/	Hus og hjem
Lyspærer	/kategorier/85-hus-og-hjem/172-lyspaerer/	Hus og hjem
Engangs og Servietter	/kategorier/85-hus-og-hjem/175-engangs-og-servietter/	Hus og hjem
Batterier	/kategorier/85-hus-og-hjem/385-batterier/	Hus og hjem
Kjøkkenredskap	/kategorier/85-hus-og-hjem/178-kjokkenredskap/	Hus og hjem
Kontor	/kategorier/85-hus-og-hjem/181-kontor/	Hus og hjem
Diverse husholdning	/kategorier/85-hus-og-hjem/90-diverse-husholdning/	Hus og hjem
Hundemat	/kategorier/128-dyremat/131-hundemat/	Dyremat
Hundemat faghandel	/kategorier/128-dyremat/431-hundemat-faghandel/	Dyremat
Kattemat	/kategorier/128-dyremat/134-kattemat/	Dyremat
Kattemat faghandel	/kategorier/128-dyremat/432-kattemat-faghandel/	Dyremat
Fuglemat	/kategorier/128-dyremat/328-fuglemat/	Dyremat
Gnagermat	/kategorier/128-dyremat/386-gnagermat/	Dyremat
